"USD","id","rate"
,"GIP",0.770015
,"IRR",42105.000286
,"JMD",136.540213
,"IRR",42105.000286
,"IRR",42105.000286
,"JMD",136.540213